id;first_name;last_name;company_name;email;phone;password;address
1;Samuel;Charpentier;bof;Tancrede_Clement90@yahoo.fr;+33 271935058;ronron crac tsoin-tsoin;assez insister
2;Lorraine;Michel;près de manière à;Abdonie_Renaud@yahoo.fr;0391143033;au point que touriste;électorat sitôt que
3;Martial;Faure;à même loin de;Clotaire_Dumas@gmail.com;0723958879;ci;au-dedans de
4;Fabrice;Berger;d'après;Abondance21@gmail.com;0209033465;triangulaire avant;énergique convaincre lâche
5;Elsa;Huet;dorénavant bondir vouh;Ludivine_Fournier@gmail.com;+33 230268769;novice;placide miaou revenir
6;Véronique;Henry;personnel spécialiste personnel professionnel;Apolline15@yahoo.fr;+33 777774795;concurrence;communauté étudiante paf hier
7;Magali;Meunier;apte édifier;Fanny42@yahoo.fr;+33 155069060;de façon que coac coac que;au-dessus coin-coin de la part de
8;Lucie;Boyer;blablabla aussitôt que;Gislebert20@hotmail.fr;0241215649;partenaire large;de peur que en vérité avant que
9;Eva;Clement;gestionnaire;Briac_Moulin@yahoo.fr;+33 771533886;sur coin-coin;bè tandis que boum
10;Huguette;Rey;vorace dévoiler;Lucille61@gmail.com;+33 119947433;gigantesque diététiste;plutôt
