id;first_name;last_name;address;phone;email;password
1;Jocelyne;Lemoine;en decà de sitôt que ha;0275867104;Pecine_Sanchez@gmail.com;groin groin dès que bien
2;Abeline;Baron;derechef bien que;0715414877;Rejean_Remy@gmail.com;à force de toc-toc hormis
3;Francisque;Vincent;que;0246737381;Arcadie_Gerard54@hotmail.fr;collègue
4;Irina;Lefebvre;étant donné que envelopper éviter;+33 131338508;Anceline.Andre53@yahoo.fr;délégation outre
5;Joanny;Marchal;police de façon à;0488880163;Lena9@gmail.com;plic
6;Monique;Renaud;d'après tchou tchouu alimenter;+33 555858599;Guyot33@gmail.com;présidence
7;Fortuné;Marchal;magenta;0695642260;Jeannel.Adam74@yahoo.fr;vlan vouh bon
8;Amande;Gonzalez;au cas où;0783394842;Yvette40@yahoo.fr;désormais vu que partenaire
9;Agnès;Marty;pendant;+33 575034024;Dieudonne67@yahoo.fr;hors de
10;Virginie;Barbier;perdre brave figurer;+33 644478914;Edmee.Roche@yahoo.fr;vroum séculaire apte
