id;payment_date;amount;payment_mode;transaction_id;status
1;2024-09-01T10:25:56;6880.33;ONLINE;corps enseignant vaste lors;FAILED
2;2024-08-31T19:05:07;3109.73;CASH_ON_DELIVERY;vide;COMPLETED
3;2024-08-31T21:07:24;22461.31;ONLINE;debout;PENDING
4;2024-08-31T13:21:34;1185.46;ONLINE;ouch bang ouah;PENDING
5;2024-09-01T01:24:29;3226.01;CASH_ON_DELIVERY;lors de outre;REFUNDED
6;2024-08-31T23:19:13;20132.88;CASH_ON_DELIVERY;grrr conseil d’administration quoique;COMPLETED
7;2024-09-01T09:09:12;26054.05;CASH_ON_DELIVERY;ah pour que de crainte que;COMPLETED
8;2024-08-31T16:22:08;26284;ONLINE;déboucher agréable athlète;REFUNDED
9;2024-08-31T21:34:45;20351.31;CASH_ON_DELIVERY;de par peut-être;PENDING
10;2024-09-01T10:15:29;1250.47;CASH_ON_DELIVERY;drôlement;PENDING
