id;name;description;address;phone;email;image
1;énergique grrr responsable;quoique terne;ouf relire;0678303451;Basilisse_Brunet19@gmail.com;en face de équipe
2;y;beaucoup devant;sans doute extatique;+33 100760587;Edmond85@gmail.com;vraiment parlementaire périr
3;approximativement presser;tranquille divinement tic-tac;dessus police;0531621881;Edith.Renard55@gmail.com;bien que
4;membre de l’équipe au point que d'abord;lâche franco;habile;+33 483469790;Julie.Paul98@gmail.com;quoique ronron risquer
5;terriblement;aigre toc admirablement;moderne;+33 380855123;Jourdain.Poirier@hotmail.fr;pas mal coac coac
6;boum;à peu près;à seule fin de;0768919832;Ferdinand46@hotmail.fr;alors que puisque
7;hormis auprès de aïe;fade;hé parer même si;+33 500554559;Cyrille59@yahoo.fr;corps enseignant prêter depuis
8;aussitôt que;ouf ronron;lâche doucement habiter;+33 134368813;Caroline32@yahoo.fr;toc-toc
9;en dépit de;fusiller;du fait que;0624975779;Amethyste_Dupuy13@gmail.com;jeune enfant
10;pour;mouiller songer;casser police;0686820922;Didier_Renard@gmail.com;jusqu’à ce que toc pendant
